                  epoch,         train/box_loss,         train/cls_loss,         train/dfl_loss,   metrics/precision(B),      metrics/recall(B),       metrics/mAP50(B),    metrics/mAP50-95(B),           val/box_loss,           val/cls_loss,           val/dfl_loss,                 lr/pg0,                 lr/pg1,                 lr/pg2
                      1,                 1.5801,                 3.8909,                 1.5057,                0.01666,                0.51389,                0.07383,                0.04915,                 1.2887,                 3.8448,                 1.2082,               9.09e-06,               9.09e-06,               9.09e-06
                      2,                 1.5189,                 3.8102,                 1.5983,                0.01462,                0.48611,                0.11762,                0.08409,                  1.286,                  3.848,                  1.204,             2.1871e-05,             2.1871e-05,             2.1871e-05
                      3,                 1.6448,                 3.8601,                 1.5325,                0.01479,                0.48611,                0.12099,                0.07816,                 1.3052,                 3.8462,                 1.2243,             2.7452e-05,             2.7452e-05,             2.7452e-05
                      4,                 1.7066,                 3.9509,                 1.5795,                0.01455,                0.48611,                0.12715,                0.08175,                 1.3007,                 3.8471,                 1.2338,             2.5834e-05,             2.5834e-05,             2.5834e-05
                      5,                 1.3148,                 3.7764,                 1.3975,                0.01463,                0.48611,                0.12731,                0.08208,                 1.2809,                 3.8443,                 1.2245,             1.7016e-05,             1.7016e-05,             1.7016e-05
