                  epoch,         train/box_loss,         train/cls_loss,         train/dfl_loss,   metrics/precision(B),      metrics/recall(B),       metrics/mAP50(B),    metrics/mAP50-95(B),           val/box_loss,           val/cls_loss,           val/dfl_loss,                 lr/pg0,                 lr/pg1,                 lr/pg2
                      1,                 2.4743,                 3.9674,                 1.7889,                0.03726,                0.02624,                0.02645,                0.01304,                 2.1347,                 3.9781,                 1.6385,             0.00040598,             0.00040598,             0.00040598
                      2,                 2.3058,                 3.2974,                 1.6042,                0.17943,                0.44949,                0.27227,                 0.1233,                 2.2242,                 2.9819,                 1.6004,             0.00065976,             0.00065976,             0.00065976
                      3,                 2.2941,                 2.7858,                 1.5296,                0.58445,                0.30075,                0.37699,                0.16138,                 2.2954,                 2.4591,                 1.5868,             0.00074855,             0.00074855,             0.00074855
                      4,                 2.2803,                 2.6184,                 1.5295,                0.53059,                0.38633,                0.42762,                0.19127,                 2.1599,                 2.3053,                 1.5267,              0.0005075,              0.0005075,              0.0005075
                      5,                 2.2913,                 2.4769,                 1.4953,                0.53165,                0.43719,                0.43893,                0.19135,                 2.1752,                 2.1791,                 1.5039,              0.0005075,              0.0005075,              0.0005075
